Month and Year,Total Children in Care,Percent of State Total,Male,Percent Male,Female,Percent Female,Sex Unknown,Percent Sex Unknown,Black,Percent Black,White,Percent White,American Indian Alaskan Native,Percent American Indian Alaskan Native,Asian,Percent Asian,Hawaiian Pacific Islander,Percent Hawaiian Pacific Islander,Multi-race,Percent Multi-race,Race Unknown,Percent Race Unknown,Hispanic,Percent Hispanic,Age Under 1,Percent Under 1,Age 1 Through 5,Percent 1 Through 5,Age 6 Through 9,Percent 6 Through 9,Age 10 Through 12,Percent 10 Through 12,Age 13 Through 15,Percent 13 Through 15,Age 16 Through 18,Percent 16 Through 18,Age 19 And Over,Percent 19 And Over,Age 16 Through 17,Percent 16 Through 17,Age 18 And Over,Percent 18 And Over,Date of Birth Not Entered,Percent Date of Birth Not Entered,Goal Return Home,Percent Goal Return Home,Goal Relative Placement,Percent Goal Relative Placement,Goal Adoption,Percent Goal Adoption,Goal Permanent Foster Care,Percent Goal Permanent Foster Care,Goal Independent Living,Percent Goal Independent Living,Goal Another Planned Permanent Living Arrangement,Percent Goal Another Planned Permanent Living Arrangement,Goal Continued Foster Care,Percent Goal Continued Foster Care,Goal To Be Determined,Percent Goal To Be Determined,Goal Guardianship,Percent Goal Guardianship,No Goal Entered,Percent No Goal Entered,Average Time in Care (ATC) (In Months),ATC Goal Return Home,ATC Goal Placement with Relatives,ATC Goal Adoption,ATC Goal Permanent Foster Care,ATC Goal Independent Living,ATC Goal Another Planned Permanent Living Arrangement,ATC Continued Foster Care,ATC Goal To Be Determined,ATC Goal Guardianship,ATC No Goal Entered
February 2011,253,0.043,139,0.549,114,0.451,0,0,192,0.759,43,0.17,0,0,4,0.016,1,0.004,10,0.04,3,0.012,10,0.04,13,0.051,64,0.253,32,0.126,28,0.111,41,0.162,51,0.202,24,0.095,,,,,0,0,85,0.336,18,0.071,86,0.34,1,0.004,52,0.206,4,0.016,0,0,6,0.024,0,0,1,0.004,42.86,11.09,24.15,51.83,117.57,84.61,115.82,0,4.85,0,0.89
March 2011,253,0.043,135,0.534,118,0.466,0,0,197,0.779,40,0.158,0,0,4,0.016,1,0.004,9,0.036,2,0.008,9,0.036,9,0.036,67,0.265,35,0.138,28,0.111,38,0.15,51,0.202,25,0.099,,,,,0,0,86,0.34,18,0.071,89,0.352,1,0.004,50,0.198,4,0.016,0,0,4,0.016,0,0,1,0.004,43.43,10.24,25.17,52.25,118.59,87.93,116.84,0,4.8,0,1.91
April 2011,261,0.045,140,0.536,121,0.464,0,0,202,0.774,43,0.165,0,0,4,0.015,1,0.004,9,0.034,2,0.008,10,0.038,10,0.038,73,0.28,34,0.13,29,0.111,34,0.13,57,0.218,24,0.092,,,,,0,0,95,0.364,19,0.073,82,0.314,1,0.004,50,0.192,4,0.015,0,0,8,0.031,0,0,2,0.008,42.07,12.53,24.08,52.54,119.57,86.04,117.83,0,15.9,0,1.59
May 2011,267,0.046,139,0.521,128,0.479,0,0,204,0.764,46,0.172,0,0,4,0.015,3,0.011,8,0.03,2,0.007,11,0.041,11,0.041,75,0.281,37,0.139,29,0.109,35,0.131,56,0.21,24,0.09,,,,,0,0,103,0.386,20,0.075,81,0.303,1,0.004,48,0.18,4,0.015,0,0,9,0.034,0,0,1,0.004,41.52,12.14,25.09,53.71,120.59,88.3,118.85,0,16.31,0,0.62
June 2011,263,0.046,134,0.51,129,0.49,0,0,200,0.76,45,0.171,0,0,4,0.015,3,0.011,10,0.038,1,0.004,10,0.038,14,0.053,71,0.27,38,0.144,29,0.11,35,0.133,52,0.198,24,0.091,,,,,0,0,103,0.392,18,0.068,85,0.323,0,0,45,0.171,4,0.015,0,0,7,0.027,0,0,1,0.004,39.91,10.33,25,53.33,0,84.63,119.84,0,22.96,0,0.82
July 2011,246,0.043,124,0.504,122,0.496,0,0,182,0.74,46,0.187,0,0,4,0.016,2,0.008,10,0.041,1,0.004,10,0.041,13,0.053,67,0.272,35,0.142,28,0.114,33,0.134,50,0.203,20,0.081,,,,,0,0,83,0.337,22,0.089,92,0.374,0,0,40,0.163,4,0.016,0,0,4,0.016,0,0,1,0.004,39.9,10.12,18.46,51.53,0,82.62,120.85,0,9.35,0,1.84
August 2011,232,0.042,120,0.517,112,0.483,0,0,170,0.733,45,0.194,0,0,4,0.017,2,0.009,10,0.043,1,0.004,10,0.043,10,0.043,62,0.267,36,0.155,24,0.103,31,0.134,47,0.203,22,0.095,,,,,0,0,72,0.31,22,0.095,89,0.384,0,0,38,0.164,4,0.017,0,0,5,0.022,0,0,2,0.009,40.71,11.12,19.26,51.24,0,82.05,121.87,0,10.78,0,0.49
September 2011,225,0.04,119,0.529,106,0.471,0,0,166,0.738,45,0.2,0,0,1,0.004,2,0.009,10,0.044,1,0.004,10,0.044,10,0.044,62,0.276,34,0.151,23,0.102,28,0.124,48,0.213,20,0.089,,,,,0,0,68,0.302,24,0.107,87,0.387,0,0,38,0.169,4,0.018,0,0,4,0.018,0,0,0,0,41.07,11.26,20.13,50.87,0,79.68,122.86,0,11.36,0,0
October 2011,230,0.042,122,0.53,108,0.47,0,0,172,0.748,47,0.204,0,0,1,0.004,2,0.009,8,0.035,0,0,8,0.035,14,0.061,59,0.257,37,0.161,23,0.1,29,0.126,49,0.213,19,0.083,,,,,0,0,74,0.322,32,0.139,79,0.343,0,0,39,0.17,3,0.013,0,0,2,0.009,0,0,1,0.004,38.18,10.98,18.13,50.34,0,79.18,98.82,0,11.28,0,0
November 2011,226,0.041,121,0.535,105,0.465,0,0,167,0.739,44,0.195,0,0,1,0.004,2,0.009,12,0.053,0,0,7,0.031,13,0.058,61,0.27,34,0.15,22,0.097,29,0.128,49,0.217,18,0.08,,,,,0,0,80,0.354,32,0.142,71,0.314,0,0,37,0.164,3,0.013,0,0,3,0.013,0,0,0,0,37.24,10.61,18.3,51.54,0,80.7,99.8,0,11.96,0,0
December 2011,234,0.044,127,0.543,107,0.457,0,0,172,0.735,44,0.188,0,0,1,0.004,2,0.009,14,0.06,0,0,7,0.03,14,0.06,63,0.269,35,0.15,23,0.098,31,0.132,49,0.209,19,0.081,,,,,0,0,86,0.368,28,0.12,72,0.308,0,0,37,0.158,3,0.013,0,0,4,0.017,0,0,4,0.017,36.55,9.9,19.22,52.26,0,81.72,100.82,0,17.52,0,0.69
January 2012,229,0.043,122,0.533,107,0.467,0,0,171,0.747,43,0.188,0,0,1,0.004,2,0.009,11,0.048,0,0,7,0.031,13,0.057,64,0.279,34,0.148,24,0.105,28,0.122,48,0.21,18,0.079,,,,,0,0,88,0.384,24,0.105,73,0.319,0,0,36,0.157,2,0.009,0,0,3,0.013,0,0,3,0.013,36.6,10.27,20.51,50.62,0,83.04,127.45,0,13.99,0,1.22
February 2012,233,0.044,123,0.528,110,0.472,0,0,173,0.742,46,0.197,0,0,1,0.004,2,0.009,10,0.043,0,0,6,0.026,16,0.069,65,0.279,35,0.15,25,0.107,28,0.12,44,0.189,20,0.086,,,,,0,0,91,0.391,25,0.107,72,0.309,0,0,33,0.142,2,0.009,0,0,5,0.021,0,0,5,0.021,35.92,10.52,19.11,51.19,0,89.03,128.4,0,9.93,0,0.97
March 2012,239,0.045,135,0.565,104,0.435,0,0,178,0.745,46,0.192,0,0,1,0.004,2,0.008,11,0.046,0,0,4,0.017,18,0.075,75,0.314,33,0.138,27,0.113,26,0.109,42,0.176,18,0.075,,,,,0,0,111,0.464,24,0.1,68,0.285,0,0,29,0.121,2,0.008,0,0,2,0.008,0,0,3,0.013,33.88,9.89,22,52.9,0,89.82,129.42,0,2.07,0,2.4
April 2012,238,0.044,132,0.555,106,0.445,0,0,179,0.752,44,0.185,0,0,1,0.004,2,0.008,11,0.046,0,0,4,0.017,21,0.088,71,0.298,34,0.143,28,0.118,25,0.105,42,0.176,17,0.071,,,,,0,0,110,0.462,32,0.134,63,0.265,0,0,26,0.109,2,0.008,0,0,4,0.017,0,0,1,0.004,32.96,9.49,21.03,54.84,0,92.03,130.41,0,5.14,0,0.23
May 2012,257,0.048,142,0.553,115,0.447,0,0,195,0.759,46,0.179,0,0,1,0.004,2,0.008,12,0.047,0,0,4,0.016,25,0.097,77,0.3,41,0.16,29,0.113,26,0.101,43,0.167,16,0.062,,,,,0,0,127,0.494,41,0.16,59,0.23,0,0,25,0.097,2,0.008,0,0,3,0.012,0,0,0,0,30.75,8.12,21.35,56.68,0,94.63,131.42,0,7.19,0,0
June 2012,255,0.048,140,0.549,115,0.451,0,0,194,0.761,47,0.184,0,0,1,0.004,1,0.004,11,0.043,0,0,6,0.024,25,0.098,77,0.302,41,0.161,30,0.118,24,0.094,43,0.169,15,0.059,,,,,0,0,132,0.518,39,0.153,56,0.22,1,0.004,22,0.086,2,0.008,0,0,3,0.012,0,0,0,0,30.41,9.06,21.46,56.82,0.13,102.49,132.41,0,7.18,0,0
July 2012,255,0.048,139,0.545,116,0.455,0,0,194,0.761,48,0.188,0,0,1,0.004,1,0.004,10,0.039,0,0,6,0.024,24,0.094,78,0.306,43,0.169,30,0.118,22,0.086,43,0.169,15,0.059,,,,,0,0,128,0.502,38,0.149,61,0.239,1,0.004,22,0.086,2,0.008,0,0,3,0.012,0,0,0,0,30.85,9.98,22.49,51.88,1.15,103.51,133.43,0,8.2,0,0
August 2012,257,0.048,145,0.564,112,0.436,0,0,189,0.735,51,0.198,0,0,1,0.004,1,0.004,13,0.051,0,0,6,0.023,24,0.093,84,0.327,44,0.171,27,0.105,23,0.089,39,0.152,16,0.062,,,,,0,0,125,0.486,40,0.156,63,0.245,1,0.004,20,0.078,2,0.008,0,0,3,0.012,0,0,3,0.012,30.32,10.08,22.06,50.62,2.17,107.26,134.45,0,12.39,0,0
September 2012,252,0.048,139,0.552,113,0.448,0,0,187,0.742,49,0.194,0,0,1,0.004,1,0.004,12,0.048,0,0,6,0.024,21,0.083,85,0.337,44,0.175,26,0.103,22,0.087,38,0.151,16,0.063,,,,,0,0,115,0.456,44,0.175,67,0.266,0,0,19,0.075,2,0.008,0,0,3,0.012,0,0,2,0.008,30.93,11.11,21.49,49.58,0,101.63,135.44,0,13.38,0,0
October 2012,253,0.048,137,0.542,116,0.458,0,0,186,0.735,52,0.206,0,0,1,0.004,1,0.004,11,0.043,0,0,6,0.024,22,0.087,86,0.34,43,0.17,26,0.103,22,0.087,38,0.15,16,0.063,,,,,0,0,114,0.451,45,0.178,68,0.269,0,0,19,0.075,2,0.008,0,0,5,0.02,0,0,0,0,30.94,10.77,19.63,49.58,0,102.65,136.45,0,24.46,0,0
November 2012,257,0.05,136,0.529,121,0.471,0,0,185,0.72,56,0.218,0,0,1,0.004,1,0.004,12,0.047,0,0,6,0.023,23,0.089,84,0.327,47,0.183,26,0.101,24,0.093,38,0.148,15,0.058,,,,,0,0,110,0.428,48,0.187,72,0.28,0,0,18,0.07,2,0.008,0,0,6,0.023,0,0,1,0.004,30.06,10.54,19.46,46.7,0,97.78,137.44,0,38.98,0,0.76
December 2012,253,0.05,134,0.53,119,0.47,0,0,185,0.731,53,0.209,0,0,1,0.004,1,0.004,12,0.047,0,0,6,0.024,19,0.075,82,0.324,46,0.182,27,0.107,25,0.099,38,0.15,16,0.063,,,,,0,0,103,0.407,49,0.194,68,0.269,0,0,18,0.071,2,0.008,0,0,11,0.043,0,0,2,0.008,30.4,12.25,19.61,46.53,0,98.8,138.46,0,22.29,0,1.12
January 2013,251,0.049,131,0.522,120,0.478,0,0,177,0.705,56,0.223,0,0,1,0.004,1,0.004,15,0.06,0,0,7,0.028,19,0.076,85,0.339,41,0.163,29,0.116,24,0.096,39,0.155,14,0.056,,,,,0,0,104,0.414,47,0.187,72,0.287,0,0,16,0.064,2,0.008,0,0,7,0.028,0,0,3,0.012,29.37,13.13,17.67,45.71,0,91.34,139.48,0,19.9,0,1.81
February 2013,251,0.05,131,0.522,120,0.478,0,0,176,0.701,57,0.227,0,0,1,0.004,1,0.004,15,0.06,0,0,6,0.024,17,0.068,88,0.351,42,0.167,29,0.116,24,0.096,40,0.159,11,0.044,,,,,0,0,109,0.434,41,0.163,78,0.311,0,0,13,0.052,1,0.004,0,0,7,0.028,0,0,2,0.008,28.67,12.35,20.22,43.34,0,98.8,205.61,0,20.78,0,2.19
March 2013,255,0.051,133,0.522,122,0.478,0,0,177,0.694,57,0.224,0,0,1,0.004,1,0.004,18,0.071,0,0,6,0.024,13,0.051,88,0.345,45,0.176,33,0.129,26,0.102,39,0.153,11,0.043,,,,,0,0,100,0.392,44,0.173,77,0.302,0,0,12,0.047,1,0.004,0,0,17,0.067,0,0,4,0.016,27.84,13.16,18.24,44.51,0,88.58,206.63,0,16.59,0,0.39
April 2013,245,0.049,127,0.518,118,0.482,0,0,175,0.714,51,0.208,0,0,1,0.004,1,0.004,15,0.061,0,0,6,0.024,13,0.053,85,0.347,43,0.176,32,0.131,24,0.098,37,0.151,11,0.045,,,,,0,0,92,0.376,42,0.171,84,0.343,0,0,10,0.041,1,0.004,0,0,11,0.045,0,0,5,0.02,27.89,13.12,20.81,42.98,0,78.44,207.62,0,13.24,0,0.89
May 2013,251,0.049,126,0.502,125,0.498,0,0,181,0.721,53,0.211,0,0,1,0.004,1,0.004,14,0.056,0,0,6,0.024,11,0.044,88,0.351,49,0.195,31,0.124,26,0.104,35,0.139,11,0.044,,,,,0,0,97,0.386,35,0.139,93,0.371,0,0,10,0.04,0,0,0,0,11,0.044,0,0,5,0.02,27.06,13.01,22.7,41.01,0,79.46,0,0,10.87,0,1.01
June 2013,252,0.05,126,0.5,126,0.5,0,0,180,0.714,54,0.214,0,0,1,0.004,1,0.004,12,0.048,0,0,6,0.024,12,0.048,89,0.353,48,0.19,32,0.127,27,0.107,33,0.131,11,0.044,,,,,0,0,104,0.413,34,0.135,87,0.345,0,0,9,0.036,0,0,0,0,11,0.044,0,0,7,0.028,27.46,13.9,23.5,43.34,0,85.76,0,0,11.26,0,1.14
July 2013,252,0.05,127,0.504,125,0.496,0,0,184,0.73,47,0.187,2,0.008,1,0.004,1,0.004,14,0.056,0,0,7,0.028,13,0.052,83,0.329,47,0.187,37,0.147,28,0.111,32,0.127,12,0.048,,,,,0,0,107,0.425,34,0.135,88,0.349,0,0,10,0.04,0,0,0,0,9,0.036,0,0,4,0.016,28.25,14.6,19.7,43.59,0,86.25,0,0,10.4,0,90.94
August 2013,247,0.05,124,0.502,123,0.498,0,0,179,0.725,43,0.174,2,0.008,1,0.004,1,0.004,18,0.073,0,0,9,0.036,12,0.049,81,0.328,45,0.182,37,0.15,28,0.113,32,0.13,12,0.049,,,,,0,0,89,0.36,38,0.154,96,0.389,0,0,10,0.04,0,0,0,0,3,0.012,0,0,11,0.045,28.9,15.41,19.15,41.77,0,87.27,0,0,18.07,0,19.1
September 2013,242,0.049,120,0.496,122,0.504,0,0,182,0.752,39,0.161,2,0.008,1,0.004,1,0.004,14,0.058,0,0,6,0.025,12,0.05,80,0.331,43,0.178,35,0.145,29,0.12,31,0.128,12,0.05,,,,,0,0,83,0.343,35,0.145,108,0.446,0,0,10,0.041,0,0,0,0,3,0.012,0,0,3,0.012,29.38,11.7,21.55,41.2,0,88.25,0,0,15.59,0,0
October 2013,249,0.05,122,0.49,127,0.51,0,0,183,0.735,46,0.185,2,0.008,1,0.004,1,0.004,14,0.056,0,0,7,0.028,7,0.028,81,0.325,49,0.197,36,0.145,30,0.12,34,0.137,12,0.048,,,,,0,0,80,0.321,30,0.12,107,0.43,5,0.02,10,0.04,0,0,0,0,13,0.052,0,0,4,0.016,28.81,13.49,22.46,40.48,0.83,89.27,0,0,14.73,0,0.28
November 2013,246,0.049,122,0.496,124,0.504,0,0,182,0.74,47,0.191,2,0.008,1,0.004,1,0.004,11,0.045,0,0,9,0.037,7,0.028,79,0.321,47,0.191,39,0.159,29,0.118,34,0.138,11,0.045,,,,,0,0,76,0.309,27,0.11,114,0.463,5,0.02,8,0.033,0,0,0,0,7,0.028,0,0,9,0.037,28.35,12.82,23.51,38.77,1.81,96.11,0,0,22.61,0,0.76
December 2013,250,0.05,122,0.488,128,0.512,0,0,182,0.728,49,0.196,2,0.008,1,0.004,0,0,14,0.056,0,0,13,0.052,8,0.032,81,0.324,49,0.196,38,0.152,30,0.12,33,0.132,11,0.044,,,,,0,0,88,0.352,27,0.108,106,0.424,1,0.004,7,0.028,0,0,0,0,12,0.048,0,0,9,0.036,27.09,12.76,16.67,39.68,243.68,76.19,0,0,17.13,0,0.87
January 2014,252,0.051,124,0.492,128,0.508,0,0,184,0.73,48,0.19,2,0.008,1,0.004,0,0,15,0.06,0,0,12,0.048,10,0.04,83,0.329,49,0.194,37,0.147,30,0.119,32,0.127,11,0.044,,,,,0,0,87,0.345,31,0.123,108,0.429,1,0.004,7,0.028,0,0,0,0,9,0.036,0,0,9,0.036,27.7,13.37,16.32,40.44,244.7,77.21,0,0,15.88,0,1.12
February 2014,249,0.05,118,0.474,131,0.526,0,0,179,0.719,50,0.201,2,0.008,1,0.004,0,0,15,0.06,0,0,9,0.036,11,0.044,74,0.297,50,0.201,36,0.145,31,0.124,36,0.145,11,0.044,,,,,0,0,82,0.329,36,0.145,100,0.402,2,0.008,7,0.028,0,0,0,0,13,0.052,0,0,9,0.036,28.12,14.27,16.38,42.5,130.34,78.13,0,0,13.34,0,0.47
March 2014,258,0.051,125,0.484,132,0.512,1,0.004,186,0.721,51,0.198,2,0.008,2,0.008,0,0,15,0.058,0,0,14,0.054,8,0.031,79,0.306,54,0.209,38,0.147,32,0.124,37,0.143,10,0.039,,,,,0,0,82,0.318,35,0.136,105,0.407,2,0.008,5,0.019,0,0,0,0,10,0.039,0,0,19,0.074,27.49,14.24,17.18,42.55,131.36,92.41,0,0,10.51,0,0.76
April 2014,252,0.05,122,0.484,130,0.516,0,0,180,0.714,50,0.198,2,0.008,1,0.004,0,0,17,0.067,0,0,14,0.056,9,0.036,78,0.31,53,0.21,32,0.127,37,0.147,33,0.131,10,0.04,,,,,0,0,86,0.341,38,0.151,102,0.405,2,0.008,5,0.02,0,0,0,0,8,0.032,0,0,11,0.044,28.47,14.11,17.62,43.43,132.35,93.4,0,0,13.38,0,0
May 2014,250,0.049,122,0.488,128,0.512,0,0,177,0.708,50,0.2,2,0.008,1,0.004,0,0,16,0.064,0,0,14,0.056,11,0.044,77,0.308,55,0.22,29,0.116,37,0.148,32,0.128,9,0.036,,,,,0,0,83,0.332,39,0.156,108,0.432,2,0.008,3,0.012,0,0,0,0,6,0.024,0,0,9,0.036,28.47,14.11,17.62,43.43,132.35,93.4,0,0,13.38,0,0
June 2014,258,0.05,126,0.488,130,0.504,2,0.008,183,0.709,51,0.198,2,0.008,1,0.004,0,0,17,0.066,0,0,15,0.058,13,0.05,79,0.306,59,0.229,30,0.116,36,0.14,33,0.128,8,0.031,,,,,0,0,83,0.322,37,0.143,113,0.438,1,0.004,3,0.012,0,0,0,0,8,0.031,0,0,13,0.05,26.55,12.55,18.22,40.94,19.07,102.59,0,0,20.4,0,1.78
July 2014,263,0.051,127,0.483,136,0.517,0,0,185,0.703,55,0.209,2,0.008,1,0.004,0,0,16,0.061,0,0,14,0.053,12,0.046,84,0.319,60,0.228,29,0.11,37,0.141,33,0.125,8,0.03,,,,,0,0,90,0.342,31,0.118,117,0.445,0,0,3,0.011,0,0,0,0,6,0.023,0,0,16,0.061,26.87,12.52,20.8,41.01,0,103.61,0,0,25.48,0,2.79
August 2014,249,0.049,118,0.474,131,0.526,0,0,175,0.703,52,0.209,2,0.008,1,0.004,0,0,16,0.064,0,0,13,0.052,9,0.036,80,0.321,57,0.229,29,0.116,35,0.141,32,0.129,7,0.028,,,,,0,0,85,0.341,31,0.124,119,0.478,0,0,2,0.008,0,0,0,0,3,0.012,0,0,9,0.036,28.17,13.42,20.88,41.57,0,81.35,0,0,29.45,0,0
September 2014,258,0.05,125,0.484,133,0.516,0,0,183,0.709,54,0.209,2,0.008,1,0.004,0,0,15,0.058,0,0,14,0.054,9,0.035,83,0.322,62,0.24,30,0.116,37,0.143,29,0.112,8,0.031,,,,,0,0,90,0.349,31,0.12,127,0.492,1,0.004,2,0.008,0,0,0,0,2,0.008,0,0,5,0.019,28.21,11.9,20.12,42.03,1.15,82.34,0,0,36.66,0,0
October 2014,260,0.051,126,0.485,134,0.515,0,0,186,0.715,52,0.2,2,0.008,1,0.004,0,0,15,0.058,0,0,14,0.054,13,0.05,81,0.312,60,0.231,31,0.119,36,0.138,30,0.115,9,0.035,,,,,0,0,96,0.369,28,0.108,127,0.488,0,0,2,0.008,0,0,0,0,4,0.015,0,0,3,0.012,28.57,12.17,20.53,42.28,0,83.36,0,0,36.23,0,1.51
November 2014,260,0.051,128,0.492,132,0.508,0,0,185,0.712,53,0.204,2,0.008,1,0.004,0,0,15,0.058,0,0,14,0.054,12,0.046,81,0.312,61,0.235,28,0.108,38,0.146,31,0.119,9,0.035,,,,,0,0,89,0.342,23,0.088,133,0.512,1,0.004,2,0.008,0,0,0,0,6,0.023,0,0,6,0.023,29.32,12.21,21.16,42.55,25.32,84.35,0,0,31.09,0,1.04
December 2014,266,0.053,128,0.481,138,0.519,0,0,187,0.703,56,0.211,2,0.008,1,0.004,0,0,16,0.06,0,0,15,0.056,11,0.041,86,0.323,60,0.226,30,0.113,37,0.139,32,0.12,10,0.038,,,,,0,0,91,0.342,21,0.079,135,0.508,2,0.008,3,0.011,0,0,0,0,10,0.038,0,0,4,0.015,29.39,13.35,21.8,42.13,26.3,89.58,0,0,13.29,0,1.41
January 2015,260,0.052,124,0.477,136,0.523,0,0,180,0.692,55,0.212,2,0.008,1,0.004,0,0,17,0.065,0,0,15,0.058,7,0.027,81,0.312,61,0.235,32,0.123,40,0.154,30,0.115,9,0.035,,,,,0,0,98,0.377,19,0.073,129,0.496,3,0.012,4,0.015,0,0,0,0,5,0.019,0,0,2,0.008,28.86,12.03,22.51,41.51,26.93,86.79,0,0,23.01,0,0.76
February 2015,264,0.052,127,0.481,137,0.519,0,0,184,0.697,55,0.208,2,0.008,1,0.004,0,0,17,0.064,0,0,15,0.057,7,0.027,80,0.303,60,0.227,36,0.136,41,0.155,30,0.114,10,0.038,,,,,0,0,96,0.364,23,0.087,133,0.504,3,0.011,4,0.015,0,0,0,0,2,0.008,0,0,3,0.011,29.31,12.88,26.08,40.9,27.85,87.71,0,0,11.72,0,1.22
March 2015,268,0.053,128,0.478,140,0.522,0,0,185,0.69,60,0.224,2,0.007,1,0.004,0,0,15,0.056,0,0,14,0.052,12,0.045,80,0.299,61,0.228,32,0.119,41,0.153,32,0.119,10,0.037,,,,,0,0,95,0.354,22,0.082,128,0.478,3,0.011,3,0.011,0,0,0,0,3,0.011,0,0,14,0.052,28.97,13.39,30.18,42.69,28.87,79,0,0,8.23,0,0.88
April 2015,256,0.05,123,0.48,133,0.52,0,0,183,0.715,55,0.215,0,0,1,0.004,0,0,13,0.051,0,0,14,0.055,13,0.051,73,0.285,56,0.219,32,0.125,40,0.156,31,0.121,11,0.043,,,,,0,0,90,0.352,23,0.09,121,0.473,3,0.012,3,0.012,1,0.004,0,0,11,0.043,0,0,4,0.016,30.01,13.53,30.39,43.62,29.85,97.22,13.87,0,7.77,0,1.52
May 2015,256,0.049,123,0.48,133,0.52,0,0,178,0.695,57,0.223,0,0,1,0.004,0,0,16,0.063,0,0,14,0.055,12,0.047,73,0.285,56,0.219,32,0.125,41,0.16,32,0.125,10,0.039,,,,,0,0,89,0.348,21,0.082,129,0.504,3,0.012,2,0.008,1,0.004,0,0,8,0.031,0,0,3,0.012,30.6,12.69,32.77,43.78,30.87,102.54,14.89,0,6.8,0,0.53
June 2015,257,0.049,119,0.463,138,0.537,0,0,185,0.72,53,0.206,0,0,2,0.008,0,0,12,0.047,0,0,14,0.054,11,0.043,70,0.272,56,0.218,33,0.128,42,0.163,35,0.136,10,0.039,,,,,0,0,83,0.323,20,0.078,129,0.502,2,0.008,11,0.043,1,0.004,0,0,7,0.027,0,0,4,0.016,31.12,12.15,21.7,42.9,32.25,83.87,15.88,0,2.36,0,0.3
July 2015,258,0.049,122,0.473,136,0.527,0,0,185,0.717,55,0.213,0,0,2,0.008,0,0,11,0.043,0,0,14,0.054,10,0.039,73,0.283,55,0.213,36,0.14,42,0.163,32,0.124,10,0.039,,,,,0,0,73,0.283,22,0.085,138,0.535,3,0.012,10,0.039,0,0,0,0,8,0.031,0,0,4,0.016,31.58,12.41,20.31,41.47,55.07,84.08,0,0,7.87,0,1.32
August 2015,257,0.05,122,0.475,135,0.525,0,0,185,0.72,53,0.206,0,0,1,0.004,0,0,13,0.051,0,0,14,0.054,10,0.039,70,0.272,56,0.218,33,0.128,46,0.179,33,0.128,9,0.035,,,,,0,0,72,0.28,22,0.086,138,0.537,4,0.016,11,0.043,0,0,0,0,8,0.031,0,0,2,0.008,32.07,12.08,22.65,40.9,47.79,79.07,0,0,20.82,0,2.33
September 2015,247,0.048,118,0.478,129,0.522,0,0,180,0.729,50,0.202,0,0,1,0.004,0,0,11,0.045,0,0,14,0.057,9,0.036,70,0.283,50,0.202,31,0.126,46,0.186,31,0.126,10,0.04,,,,,0,0,60,0.243,20,0.081,138,0.559,6,0.024,11,0.045,0,0,0,0,9,0.036,0,0,3,0.012,32.91,12.18,22.65,40.46,42.26,80.06,0,0,25,0,0.69
October 2015,246,0.048,115,0.467,131,0.533,0,0,180,0.732,50,0.203,0,0,1,0.004,0,0,10,0.041,0,0,13,0.053,9,0.037,66,0.268,52,0.211,31,0.126,48,0.195,30,0.122,10,0.041,,,,,0,0,66,0.268,18,0.073,137,0.557,7,0.028,11,0.045,0,0,0,0,5,0.02,0,0,2,0.008,33.8,14.55,21.71,40.21,40.47,81.08,0,0,55.42,0,0
November 2015,250,0.048,115,0.46,135,0.54,0,0,180,0.72,54,0.216,0,0,1,0.004,0,0,10,0.04,0,0,16,0.064,12,0.048,64,0.256,51,0.204,34,0.136,47,0.188,32,0.128,10,0.04,,,,,0,0,63,0.252,18,0.072,133,0.532,7,0.028,11,0.044,0,0,0,0,12,0.048,0,0,6,0.024,33.82,15.36,22.43,41.79,41.48,82.06,0,0,26.86,0,0.62
December 2015,251,0.048,119,0.474,132,0.526,0,0,180,0.717,52,0.207,0,0,1,0.004,0,0,13,0.052,0,0,16,0.064,15,0.06,62,0.247,48,0.191,36,0.143,50,0.199,30,0.12,10,0.04,,,,,0,0,60,0.239,15,0.06,140,0.558,7,0.028,10,0.04,0,0,0,0,15,0.06,0,0,4,0.016,33.95,14.81,24.28,41.28,42.5,87.9,0,0,20.68,0,0.36
January 2016,245,0.047,119,0.486,126,0.514,0,0,172,0.702,53,0.216,0,0,1,0.004,0,0,13,0.053,0,0,16,0.065,15,0.061,61,0.249,48,0.196,36,0.147,46,0.188,34,0.139,5,0.02,,,,,0,0,55,0.224,13,0.053,146,0.596,4,0.016,6,0.024,0,0,0,0,17,0.069,0,0,4,0.016,33.97,15.08,26.77,41.33,49.51,97.34,0,0,19.06,0,0.99
February 2016,233,0.044,112,0.481,121,0.519,0,0,162,0.695,51,0.219,0,0,1,0.004,0,0,13,0.056,0,0,16,0.069,14,0.06,56,0.24,43,0.185,35,0.15,46,0.197,33,0.142,6,0.026,,,,,0,0,55,0.236,16,0.069,146,0.627,5,0.021,4,0.017,0,0,0,0,7,0.03,0,0,0,0,34.52,14.7,17.93,42.18,42.7,102.66,0,0,23.44,0,0
March 2016,212,0.04,98,0.462,114,0.538,0,0,145,0.684,48,0.226,0,0,1,0.005,0,0,12,0.057,0,0,16,0.075,11,0.052,46,0.217,42,0.198,33,0.156,42,0.198,32,0.151,6,0.028,,,,,0,0,49,0.231,16,0.075,135,0.637,5,0.024,2,0.009,0,0,0,0,5,0.024,0,0,0,0,34.6,14.18,18.4,42.95,43.72,87.16,0,0,31.23,0,0
April 2016,209,0.04,96,0.459,113,0.541,0,0,139,0.665,49,0.234,0,0,1,0.005,0,0,14,0.067,0,0,16,0.077,11,0.053,42,0.201,41,0.196,32,0.153,45,0.215,31,0.148,7,0.033,,,,,0,0,40,0.191,19,0.091,132,0.632,7,0.033,2,0.01,1,0.005,0,0,5,0.024,0,0,3,0.014,35.47,15.8,15.52,43.72,52.45,88.14,26.86,0,28.41,0,0.93
May 2016,205,0.038,94,0.459,111,0.541,0,0,136,0.663,48,0.234,0,0,1,0.005,0,0,14,0.068,0,0,13,0.063,12,0.059,39,0.19,43,0.21,33,0.161,36,0.176,35,0.171,7,0.034,,,,,0,0,36,0.176,21,0.102,131,0.639,7,0.034,2,0.01,1,0.005,0,0,7,0.034,0,0,0,0,35.23,16.73,15.72,42.48,53.47,89.16,27.88,0,20.57,0,0
June 2016,191,0.036,89,0.466,102,0.534,0,0,129,0.675,43,0.225,0,0,0,0,0,0,13,0.068,0,0,15,0.079,12,0.063,35,0.183,38,0.199,31,0.162,35,0.183,34,0.178,6,0.031,,,,,0,0,30,0.157,16,0.084,124,0.649,7,0.037,2,0.01,1,0.005,0,0,10,0.052,0,0,1,0.005,35.26,13.83,18.98,42.43,49.99,90.15,28.87,0,19.45,0,0.36
July 2016,187,0.035,86,0.46,101,0.54,0,0,125,0.668,42,0.225,0,0,0,0,0,0,14,0.075,0,0,15,0.08,9,0.048,34,0.182,36,0.193,30,0.16,37,0.198,35,0.187,6,0.032,,,,,0,0,27,0.144,13,0.07,126,0.674,6,0.032,2,0.011,1,0.005,0,0,11,0.059,0,0,1,0.005,36,13.63,22.52,42.2,57.27,91.17,29.88,0,17.88,0,0.85
August 2016,184,0.035,88,0.478,96,0.522,0,0,119,0.647,44,0.239,0,0,0,0,0,0,14,0.076,0,0,15,0.082,13,0.071,33,0.179,31,0.168,30,0.163,36,0.196,35,0.19,6,0.033,,,,,0,0,28,0.152,12,0.065,123,0.668,6,0.033,2,0.011,1,0.005,0,0,12,0.065,0,0,0,0,34.9,12.44,22.33,41.72,42.71,92.19,30.9,0,16.78,0,0
September 2016,186,0.035,86,0.462,100,0.538,0,0,120,0.645,43,0.231,0,0,0,0,0,0,15,0.081,0,0,14,0.075,15,0.081,37,0.199,26,0.14,33,0.177,35,0.188,34,0.183,6,0.032,,,,,0,0,32,0.172,13,0.07,120,0.645,7,0.038,2,0.011,1,0.005,0,0,6,0.032,0,0,5,0.027,34.09,10.99,22.75,43.69,30.04,93.17,31.89,0,3.13,0,0.41
October 2016,191,0.036,89,0.466,102,0.534,0,0,127,0.665,41,0.215,0,0,0,0,0,0,14,0.073,0,0,13,0.068,16,0.084,39,0.204,25,0.131,33,0.173,38,0.199,33,0.173,7,0.037,,,,,0,0,36,0.188,16,0.084,116,0.607,6,0.031,4,0.021,0,0,0,0,10,0.052,0,0,3,0.016,32.3,9.98,22.18,41.33,32.96,95.38,0,0,8.07,0,0.87
November 2016,193,0.037,89,0.461,104,0.539,0,0,130,0.674,40,0.207,0,0,0,0,0,0,14,0.073,0,0,13,0.067,14,0.073,38,0.197,27,0.14,31,0.161,42,0.218,34,0.176,7,0.036,,,,,0,0,37,0.192,15,0.078,105,0.544,6,0.031,4,0.021,1,0.005,0,0,17,0.088,0,0,8,0.041,31.13,9.8,23.79,43.05,25.12,96.37,78.77,0,8.53,0,0.88
December 2016,185,0.035,85,0.459,100,0.541,0,0,124,0.67,40,0.216,0,0,0,0,0,0,12,0.065,0,0,13,0.07,12,0.065,38,0.205,23,0.124,30,0.162,41,0.222,34,0.184,7,0.038,,,,,0,0,40,0.216,15,0.081,101,0.546,4,0.022,5,0.027,1,0.005,0,0,13,0.07,0,0,6,0.032,31.48,9.24,24.16,43.2,32.64,78.4,79.79,0,8.85,0,0
January 2017,170,0.033,78,0.459,92,0.541,0,0,116,0.682,40,0.235,0,0,0,0,0,0,14,0.082,0,0,9,0.053,8,0.047,37,0.218,18,0.106,29,0.171,41,0.241,30,0.176,7,0.041,,,,,0,0,42,0.247,18,0.106,83,0.488,4,0.024,5,0.029,1,0.006,0,0,13,0.076,0,0,4,0.024,31.07,8.22,24.05,44.91,28,79.42,80.81,0,13.63,0,0
February 2017,163,0.032,74,0.454,89,0.546,0,0,108,0.663,43,0.264,0,0,0,0,0,0,12,0.074,0,0,8,0.049,6,0.037,33,0.202,19,0.117,29,0.178,40,0.245,29,0.178,7,0.043,,,,,0,0,34,0.209,18,0.11,81,0.497,4,0.025,5,0.031,1,0.006,0,0,13,0.08,0,0,7,0.043,30.98,7.38,22.26,44.06,28.92,80.34,81.73,0,15.73,0,3.46
March 2017,163,0.031,73,0.448,90,0.552,0,0,107,0.656,43,0.264,0,0,0,0,0,0,12,0.074,0,0,8,0.049,8,0.049,30,0.184,21,0.129,28,0.172,42,0.258,29,0.178,5,0.031,,,,,0,0,41,0.252,21,0.129,79,0.485,4,0.025,5,0.031,1,0.006,0,0,10,0.061,0,0,2,0.012,30.84,8.3,22.49,46.03,29.94,64.95,82.75,0,4.33,0,0
April 2017,157,0.03,71,0.452,86,0.548,0,0,104,0.662,43,0.274,0,0,0,0,0,0,10,0.064,0,0,6,0.038,6,0.038,29,0.185,21,0.134,26,0.166,42,0.268,30,0.191,3,0.019,,,,,0,0,44,0.28,20,0.127,78,0.497,4,0.025,4,0.025,2,0.013,0,0,4,0.025,0,0,1,0.006,31.09,8.65,22.15,44.88,30.93,80.08,43.53,0,6.15,0,0
May 2017,169,0.032,76,0.45,93,0.55,0,0,117,0.692,43,0.254,0,0,0,0,0,0,9,0.053,0,0,9,0.053,11,0.065,31,0.183,20,0.118,28,0.166,43,0.254,33,0.195,3,0.018,,,,,0,0,49,0.29,17,0.101,77,0.456,6,0.036,5,0.03,2,0.012,0,0,2,0.012,0,0,11,0.065,29.45,7.96,24.49,46.47,24.47,65.75,51.22,0,3.52,0,0.53
June 2017,156,0.03,72,0.462,84,0.538,0,0,110,0.705,38,0.244,0,0,0,0,0,0,8,0.051,0,0,9,0.058,7,0.045,33,0.212,19,0.122,22,0.141,37,0.237,34,0.218,4,0.026,,,,,0,0,45,0.288,15,0.096,71,0.455,7,0.045,5,0.032,2,0.013,0,0,8,0.051,0,0,3,0.019,29.87,8.9,23.53,45.79,28.5,66.73,52.21,0,1.44,0,0
July 2017,157,0.03,74,0.471,83,0.529,0,0,107,0.682,40,0.255,0,0,0,0,0,0,10,0.064,0,0,10,0.064,9,0.057,34,0.217,21,0.134,21,0.134,36,0.229,33,0.21,3,0.019,,,,,0,0,48,0.306,17,0.108,68,0.433,6,0.038,5,0.032,2,0.013,0,0,11,0.07,0,0,0,0,29.12,8.44,21.78,46.94,24.07,67.75,53.23,0,1.3,0,0
August 2017,159,0.031,78,0.491,81,0.509,0,0,110,0.692,39,0.245,0,0,0,0,0,0,9,0.057,0,0,9,0.057,11,0.069,34,0.214,22,0.138,16,0.101,41,0.258,32,0.201,3,0.019,,,,,0,0,50,0.314,18,0.113,62,0.39,7,0.044,5,0.031,2,0.013,0,0,15,0.094,0,0,0,0,27.76,8.6,21.78,46.87,30.56,68.77,54.25,0,1.26,0,0
September 2017,154,0.03,78,0.506,76,0.494,0,0,106,0.688,38,0.247,0,0,0,0,0,0,9,0.058,0,0,9,0.058,11,0.071,30,0.195,21,0.136,16,0.104,42,0.273,32,0.208,2,0.013,,,,,0,0,50,0.325,16,0.104,60,0.39,6,0.039,4,0.026,2,0.013,0,0,14,0.091,0,0,2,0.013,27.47,9.75,21.51,47.74,29.44,55.41,55.23,0,1.82,0,0
October 2017,155,0.03,80,0.516,75,0.484,0,0,108,0.697,37,0.239,0,0,0,0,0,0,9,0.058,0,0,9,0.058,13,0.084,29,0.187,20,0.129,18,0.116,40,0.258,32,0.206,3,0.019,,,,,0,0,53,0.342,19,0.123,56,0.361,5,0.032,4,0.026,3,0.019,0,0,12,0.077,0,0,3,0.019,26.79,9.67,21.12,48.15,35.64,56.43,39.01,0,1.45,0,0
November 2017,154,0.03,76,0.494,78,0.506,0,0,106,0.688,38,0.247,0,0,0,0,0,0,9,0.058,0,0,7,0.045,13,0.084,30,0.195,18,0.117,19,0.123,36,0.234,34,0.221,3,0.019,,,,,1,0.006,53,0.344,23,0.149,53,0.344,6,0.039,5,0.032,2,0.013,0,0,10,0.065,0,0,2,0.013,27.1,9.47,21.36,48.93,38.68,48.01,48.15,0,1.64,0,0.1
December 2017,159,0.031,79,0.497,80,0.503,0,0,107,0.673,40,0.252,0,0,0,0,0,0,9,0.057,0,0,7,0.044,13,0.082,34,0.214,19,0.119,22,0.138,33,0.208,33,0.208,4,0.025,,,,,1,0.006,52,0.327,22,0.138,52,0.327,6,0.038,5,0.031,2,0.013,0,0,11,0.069,0,0,9,0.057,26.73,10.8,22.3,49.94,39.7,47.1,49.17,0,1.99,0,0.54
January 2018,166,0.032,82,0.494,84,0.506,0,0,114,0.687,38,0.229,0,0,0,0,0,0,11,0.066,0,0,7,0.042,15,0.09,37,0.223,19,0.114,24,0.145,32,0.193,34,0.205,5,0.03,,,,,0,0,59,0.355,26,0.157,50,0.301,5,0.03,5,0.03,2,0.012,0,0,17,0.102,0,0,2,0.012,25.76,10,21.49,51.3,38.47,48.12,50.19,0,1.5,0,0
February 2018,164,0.031,84,0.512,80,0.488,0,0,112,0.683,37,0.226,0,0,0,0,0,0,11,0.067,0,0,6,0.037,17,0.104,34,0.207,20,0.122,24,0.146,32,0.195,33,0.201,4,0.024,,,,,0,0,59,0.36,24,0.146,49,0.299,5,0.03,4,0.024,1,0.006,0,0,22,0.134,0,0,0,0,25.97,12.56,22,52.52,39.39,42.14,8.48,0,1.97,0,0
March 2018,168,0.032,85,0.506,83,0.494,0,0,115,0.685,40,0.238,0,0,0,0,0,0,11,0.065,0,0,7,0.042,18,0.107,35,0.208,22,0.131,25,0.149,32,0.19,31,0.185,5,0.03,,,,,0,0,63,0.375,22,0.131,53,0.315,5,0.03,4,0.024,1,0.006,0,0,18,0.107,0,0,2,0.012,25.93,11.73,23.31,50.66,40.41,43.16,9.5,0,1.93,0,0.36
April 2018,170,0.032,85,0.5,85,0.5,0,0,114,0.671,43,0.253,0,0,0,0,0,0,11,0.065,0,0,10,0.059,19,0.112,35,0.206,22,0.129,24,0.141,32,0.188,34,0.2,4,0.024,,,,,0,0,66,0.388,23,0.135,52,0.306,5,0.029,3,0.018,1,0.006,0,0,20,0.118,0,0,0,0,25.03,12.07,22.95,51.42,30.31,10.31,10.49,0,3.22,0,0
May 2018,178,0.033,87,0.489,91,0.511,0,0,119,0.669,46,0.258,0,0,0,0,0,0,11,0.062,0,0,9,0.051,18,0.101,39,0.219,24,0.135,25,0.14,34,0.191,33,0.185,5,0.028,,,,,0,0,74,0.416,24,0.135,51,0.287,4,0.022,6,0.034,0,0,0,0,16,0.09,0,0,3,0.017,24.5,11.7,24.19,52.1,35.28,14.24,0,0,1.39,0,0.3
June 2018,192,0.036,91,0.474,101,0.526,0,0,127,0.661,52,0.271,0,0,0,0,0,0,11,0.057,0,0,11,0.057,18,0.094,46,0.24,30,0.156,27,0.141,34,0.177,32,0.167,5,0.026,,,,,0,0,74,0.385,22,0.115,55,0.286,3,0.016,7,0.036,0,0,0,0,28,0.146,0,0,3,0.016,22.95,11.92,24.95,50.4,23.08,13.53,0,0,1.38,0,0.36
July 2018,192,0.036,92,0.479,100,0.521,0,0,122,0.635,54,0.281,0,0,0,0,0,0,13,0.068,0,0,11,0.057,17,0.089,51,0.266,28,0.146,26,0.135,32,0.167,33,0.172,5,0.026,,,,,0,0,76,0.396,20,0.104,56,0.292,2,0.01,7,0.036,0,0,0,0,23,0.12,0,0,8,0.042,22.96,10.18,26.51,51.1,35.21,8.56,0,0,4.35,0,1.11
August 2018,200,0.038,95,0.475,105,0.525,0,0,131,0.655,54,0.27,0,0,0,0,0,0,13,0.065,0,0,11,0.055,17,0.085,57,0.285,28,0.14,24,0.12,31,0.155,38,0.19,5,0.025,,,,,0,0,78,0.39,20,0.1,53,0.265,4,0.02,6,0.03,0,0,0,0,25,0.125,0,0,14,0.07,21.34,10.07,27.56,49.12,37.68,10.7,0,0,3.76,0,0.83
September 2018,207,0.039,99,0.478,108,0.522,0,0,136,0.657,56,0.271,0,0,0,0,0,0,13,0.063,0,0,13,0.063,16,0.077,64,0.309,29,0.14,22,0.106,31,0.15,40,0.193,5,0.024,,,,,0,0,75,0.362,26,0.126,56,0.271,3,0.014,7,0.034,0,0,0,0,30,0.145,0,0,10,0.048,21.47,10.12,22.83,48.93,50.27,10.57,0,0,3.49,0,3.39
October 2018,218,0.041,105,0.482,113,0.518,0,0,144,0.661,59,0.271,0,0,0,0,0,0,13,0.06,0,0,12,0.055,20,0.092,64,0.294,32,0.147,25,0.115,32,0.147,40,0.183,5,0.023,,,,,0,0,84,0.385,21,0.096,60,0.275,3,0.014,6,0.028,0,0,0,0,35,0.161,0,0,9,0.041,20.05,10.11,17.05,47.15,51.29,12.71,0,0,2.4,0,0.37
November 2018,218,0.041,105,0.482,113,0.518,0,0,144,0.661,59,0.271,0,0,0,0,0,0,13,0.06,0,0,12,0.055,25,0.115,61,0.28,31,0.142,26,0.119,30,0.138,40,0.183,5,0.023,,,,,0,0,106,0.486,17,0.078,63,0.289,2,0.009,8,0.037,0,0,0,0,11,0.05,0,0,11,0.05,20.32,8.87,19.21,45.3,69.65,12.74,0,0,3.77,0,4.9
December 2018,224,0.042,109,0.487,115,0.513,0,0,151,0.674,58,0.259,0,0,0,0,0,0,13,0.058,0,0,11,0.049,23,0.103,68,0.304,33,0.147,24,0.107,31,0.138,40,0.179,5,0.022,,,,,0,0,102,0.455,19,0.085,64,0.286,2,0.009,8,0.036,0,0,0,0,20,0.089,0,0,9,0.04,20.58,10.43,15.79,45.59,70.67,13.75,0,0,2.59,0,0
January 2019,221,0.041,108,0.489,113,0.511,0,0,145,0.656,61,0.276,0,0,0,0,0,0,13,0.059,0,0,11,0.05,22,0.1,63,0.285,33,0.149,25,0.113,30,0.136,42,0.19,6,0.027,,,,,0,0,104,0.471,16,0.072,65,0.294,2,0.009,10,0.045,0,0,0,0,14,0.063,0,0,10,0.045,21.55,10.87,16.17,46.62,71.69,12.27,0,0,3.32,0,0
February 2019,237,0.044,119,0.502,118,0.498,0,0,158,0.667,64,0.27,0,0,0,0,0,0,13,0.055,0,0,11,0.046,23,0.097,71,0.3,38,0.16,25,0.105,31,0.131,43,0.181,6,0.025,,,,,0,0,118,0.498,17,0.072,67,0.283,2,0.008,10,0.042,0,0,0,0,18,0.076,0,0,5,0.021,19.78,10.52,15.51,42.76,72.61,13.19,0,0,1.8,0,0.59
March 2019,230,0.042,115,0.5,115,0.5,0,0,156,0.678,62,0.27,0,0,0,0,0,0,11,0.048,0,0,11,0.048,20,0.087,68,0.296,39,0.17,25,0.109,30,0.13,42,0.183,6,0.026,,,,,0,0,112,0.487,17,0.074,67,0.291,2,0.009,10,0.043,0,0,0,0,18,0.078,0,0,4,0.017,20.65,11.23,16.2,43.37,73.63,12.07,0,0,1.75,0,0.33
April 2019,230,0.042,113,0.491,117,0.509,0,0,159,0.691,59,0.257,0,0,0,0,0,0,11,0.048,0,0,10,0.043,18,0.078,68,0.296,41,0.178,21,0.091,32,0.139,42,0.183,8,0.035,,,,,0,0,113,0.491,15,0.065,64,0.278,3,0.013,11,0.048,0,0,0,0,24,0.104,0,0,0,0,20.44,11.73,18.85,40.59,84.32,11.91,0,0,4.59,0,0
May 2019,225,0.04,110,0.489,115,0.511,0,0,158,0.702,55,0.244,0,0,0,0,0,0,11,0.049,0,0,10,0.044,21,0.093,64,0.284,39,0.173,19,0.084,34,0.151,38,0.169,10,0.044,,,,,0,0,109,0.484,17,0.076,66,0.293,3,0.013,11,0.049,0,0,0,0,18,0.08,0,0,1,0.004,20.84,11.76,20.54,39.24,85.34,12.93,0,0,3.84,0,0
June 2019,227,0.041,111,0.489,116,0.511,0,0,158,0.696,57,0.251,0,0,0,0,0,0,11,0.048,0,0,13,0.057,21,0.093,69,0.304,38,0.167,16,0.07,36,0.159,38,0.167,9,0.04,,,,,0,0,112,0.493,20,0.088,63,0.278,3,0.013,10,0.044,0,0,0,0,16,0.07,0,0,3,0.013,20.27,11.55,18.84,39.3,86.32,13.63,0,0,3.65,0,0.28
July 2019,218,0.039,108,0.495,110,0.505,0,0,149,0.683,54,0.248,0,0,0,0,1,0.005,14,0.064,0,0,13,0.06,24,0.11,65,0.298,33,0.151,16,0.073,33,0.151,38,0.174,9,0.041,,,,,0,0,101,0.463,23,0.106,55,0.252,4,0.018,11,0.05,1,0.005,0,0,19,0.087,0,0,4,0.018,20.3,12.37,18.62,40.11,77.13,11.78,24.36,0,3.97,0,0.48
August 2019,208,0.038,105,0.505,103,0.495,0,0,144,0.692,51,0.245,0,0,0,0,1,0.005,12,0.058,0,0,14,0.067,21,0.101,64,0.308,30,0.144,17,0.082,29,0.139,39,0.188,8,0.038,,,,,0,0,96,0.462,15,0.072,60,0.288,4,0.019,11,0.053,1,0.005,0,0,19,0.091,0,0,2,0.01,20.07,12.13,22.61,35.77,78.15,10.69,25.38,0,3.46,0,0.56
September 2019,205,0.037,105,0.512,100,0.488,0,0,140,0.683,49,0.239,0,0,0,0,1,0.005,15,0.073,0,0,14,0.068,17,0.083,66,0.322,30,0.146,20,0.098,27,0.132,36,0.176,9,0.044,,,,,0,0,95,0.463,14,0.068,57,0.278,4,0.02,14,0.068,1,0.005,0,0,11,0.054,0,0,9,0.044,19.87,12.53,20.55,36.43,79.13,10.13,26.37,0,2.13,0,0.36
October 2019,208,0.037,107,0.514,101,0.486,0,0,143,0.688,47,0.226,0,0,0,0,2,0.01,16,0.077,0,0,13,0.063,13,0.063,70,0.337,27,0.13,21,0.101,27,0.13,40,0.192,10,0.048,,,,,0,0,96,0.462,15,0.072,54,0.26,5,0.024,16,0.077,1,0.005,0,0,18,0.087,0,0,3,0.014,19.24,11.61,15.86,38.98,53.67,9.92,27.39,0,4.66,0,0.76
November 2019,208,0.037,108,0.519,100,0.481,0,0,142,0.683,48,0.231,0,0,0,0,2,0.01,16,0.077,0,0,13,0.063,13,0.063,68,0.327,28,0.135,21,0.101,26,0.125,42,0.202,10,0.048,,,,,0,0,95,0.457,17,0.082,60,0.288,5,0.024,16,0.077,1,0.005,0,0,13,0.063,0,0,1,0.005,19.94,11.98,16.04,36.81,54.65,10.9,28.37,0,3.4,0,0
December 2019,193,0.035,96,0.497,97,0.503,0,0,135,0.699,47,0.244,0,0,0,0,1,0.005,10,0.052,0,0,12,0.062,15,0.078,62,0.321,27,0.14,14,0.073,23,0.119,42,0.218,10,0.052,,,,,0,0,88,0.456,16,0.083,56,0.29,5,0.026,15,0.078,1,0.005,0,0,10,0.052,0,0,2,0.01,20.72,12.44,15.18,37.92,55.67,12.15,29.39,0,4.67,0,0.67
January 2020,193,0.035,96,0.497,97,0.503,0,0,135,0.699,47,0.244,0,0,0,0,1,0.005,10,0.052,0,0,12,0.062,15,0.078,62,0.321,27,0.14,15,0.078,22,0.114,43,0.223,9,0.047,,,,,0,0,5,0.026,10,0.052,27,0.14,3,0.016,13,0.067,0,0,0,0,2,0.01,0,0,133,0.689,21.71,14.06,5.88,28.16,43.85,27.96,0,0,18.08,0,20.82
February 2020,212,0.038,110,0.519,102,0.481,0,0,141,0.665,57,0.269,0,0,0,0,1,0.005,13,0.061,0,0,12,0.057,19,0.09,66,0.311,31,0.146,17,0.08,29,0.137,40,0.189,10,0.047,,,,,0,0,94,0.443,17,0.08,51,0.241,4,0.019,16,0.075,3,0.014,0,0,26,0.123,0,0,1,0.005,17.56,11.36,19.18,35.81,53.08,11.8,19.13,0,1.66,0,0.2
March 2020,215,0.038,112,0.521,103,0.479,0,0,143,0.665,60,0.279,0,0,0,0,1,0.005,11,0.051,0,0,11,0.051,19,0.088,63,0.293,33,0.153,18,0.084,29,0.135,43,0.2,10,0.047,,,,,0,0,100,0.465,22,0.102,50,0.233,4,0.019,17,0.079,3,0.014,0,0,16,0.074,0,0,3,0.014,17.82,10.8,16.39,37.22,54.1,12.27,20.15,0,2.57,0,1.22
April 2020,212,0.038,108,0.509,104,0.491,0,0,142,0.67,57,0.269,0,0,0,0,1,0.005,12,0.057,0,0,11,0.052,17,0.08,65,0.307,32,0.151,16,0.075,29,0.137,43,0.203,10,0.047,,,,,0,0,99,0.467,27,0.127,50,0.236,4,0.019,16,0.075,3,0.014,0,0,12,0.057,0,0,1,0.005,18.25,11.08,15.67,38.19,41.33,11.18,21.14,0,2.49,0,0
May 2020,209,0.038,106,0.507,103,0.493,0,0,139,0.665,57,0.273,0,0,0,0,1,0.005,12,0.057,0,0,11,0.053,16,0.077,65,0.311,32,0.153,15,0.072,29,0.139,42,0.201,10,0.048,,,,,0,0,100,0.478,30,0.144,49,0.234,4,0.019,16,0.077,3,0.014,0,0,6,0.029,0,0,1,0.005,18.93,11.59,15.29,38.85,42.35,11.42,22.16,0,2.2,0,0
June 2020,211,0.039,108,0.512,103,0.488,0,0,139,0.659,56,0.265,0,0,0,0,1,0.005,15,0.071,0,0,14,0.066,16,0.076,66,0.313,32,0.152,15,0.071,30,0.142,42,0.199,10,0.047,,,,,0,0,103,0.488,30,0.142,48,0.227,4,0.019,14,0.066,2,0.009,0,0,8,0.038,0,0,2,0.009,19.33,11.93,16.26,40,43.33,11.92,30.35,0,4.62,0,0.76
July 2020,204,0.038,102,0.5,102,0.5,0,0,134,0.657,55,0.27,0,0,0,0,1,0.005,14,0.069,0,0,13,0.064,13,0.064,65,0.319,34,0.167,14,0.069,27,0.132,42,0.206,9,0.044,,,,,0,0,99,0.485,26,0.127,48,0.235,3,0.015,15,0.074,1,0.005,0,0,11,0.054,0,0,1,0.005,19.18,11.6,18.18,37.86,56.05,11.98,26.33,0,8.89,0,1.78
August 2020,201,0.037,101,0.502,100,0.498,0,0,135,0.672,53,0.264,0,0,0,0,1,0.005,12,0.06,0,0,9,0.045,12,0.06,61,0.303,35,0.174,14,0.07,25,0.124,45,0.224,9,0.045,,,,,0,0,92,0.458,32,0.159,51,0.254,3,0.015,14,0.07,1,0.005,0,0,7,0.035,0,0,1,0.005,20.02,12.19,18.04,36.39,57.07,13.38,27.35,0,12,0,0.46
September 2020,198,0.037,100,0.505,98,0.495,0,0,135,0.682,49,0.247,0,0,0,0,1,0.005,13,0.066,0,0,12,0.061,12,0.061,61,0.308,32,0.162,15,0.076,24,0.121,44,0.222,10,0.051,,,,,0,0,76,0.384,27,0.136,56,0.283,3,0.015,16,0.081,1,0.005,0,0,19,0.096,0,0,0,0,19.38,12.49,19.63,35.23,18.18,12.99,28.34,0,4.96,0,0
October 2020,207,0.039,102,0.493,105,0.507,0,0,142,0.686,52,0.251,0,0,0,0,1,0.005,12,0.058,0,0,14,0.068,15,0.072,61,0.295,32,0.155,16,0.077,26,0.126,47,0.227,10,0.048,,,,,0,0,72,0.348,22,0.106,61,0.295,3,0.014,16,0.077,1,0.005,0,0,26,0.126,0,0,6,0.029,19.32,12.48,19.72,35.16,19.2,13.05,29.36,0,8.55,0,0.28
November 2020,199,0.038,95,0.477,104,0.523,0,0,138,0.693,48,0.241,0,0,0,0,1,0.005,12,0.06,0,0,13,0.065,11,0.055,60,0.302,32,0.161,16,0.08,22,0.111,47,0.236,11,0.055,,,,,0,0,63,0.317,19,0.095,70,0.352,3,0.015,15,0.075,1,0.005,0,0,21,0.106,0,0,7,0.035,20.15,11.45,18.65,34.39,20.19,14.67,30.35,0,9.84,0,2.93
December 2020,203,0.039,97,0.478,106,0.522,0,0,145,0.714,45,0.222,0,0,0,0,1,0.005,12,0.059,0,0,12,0.059,10,0.049,63,0.31,34,0.167,16,0.079,22,0.108,47,0.232,11,0.054,,,,,0,0,64,0.315,20,0.099,75,0.369,4,0.02,16,0.079,1,0.005,0,0,15,0.074,0,0,8,0.039,20.4,10.81,18.51,34.15,21.51,14.77,31.36,0,10.12,0,1.02
January 2021,200,0.038,98,0.49,102,0.51,0,0,143,0.715,44,0.22,0,0,0,0,1,0.005,12,0.06,0,0,11,0.055,6,0.03,63,0.315,34,0.17,16,0.08,21,0.105,46,0.23,14,0.07,,,,,0,0,63,0.315,23,0.115,73,0.365,5,0.025,18,0.09,1,0.005,0,0,17,0.085,0,0,0,0,21.61,11.14,18.41,35.32,28.27,14.49,32.38,0,10.87,0,0
February 2021,204,0.039,98,0.48,106,0.52,0,0,141,0.691,47,0.23,0,0,0,0,1,0.005,15,0.074,0,0,14,0.069,5,0.025,64,0.314,37,0.181,17,0.083,22,0.108,46,0.225,13,0.064,,,,,0,0,59,0.289,23,0.113,75,0.368,6,0.029,18,0.088,1,0.005,0,0,22,0.108,0,0,0,0,21.6,11.8,14.39,37.24,26.26,15.47,33.3,0,5.35,0,0
March 2021,198,0.038,94,0.475,104,0.525,0,0,138,0.697,46,0.232,0,0,0,0,0,0,14,0.071,0,0,12,0.061,7,0.035,58,0.293,34,0.172,15,0.076,24,0.121,46,0.232,14,0.071,,,,,0,0,60,0.303,24,0.121,63,0.318,6,0.03,18,0.091,1,0.005,0,0,24,0.121,0,0,2,0.01,22.06,11.68,15.68,39.58,27.28,16.49,34.32,0,12.53,0,0.43
April 2021,193,0.037,92,0.477,101,0.523,0,0,134,0.694,45,0.233,0,0,0,0,0,0,14,0.073,0,0,12,0.062,7,0.036,55,0.285,32,0.166,16,0.083,24,0.124,44,0.228,15,0.078,,,,,0,0,71,0.368,23,0.119,55,0.285,5,0.026,21,0.109,1,0.005,0,0,16,0.083,0,0,1,0.005,22.42,13.19,16.82,40.18,32.3,15.53,35.31,0,16.8,0,0
May 2021,197,0.037,98,0.497,99,0.503,0,0,140,0.711,40,0.203,0,0,0,0,0,0,17,0.086,0,0,11,0.056,9,0.046,57,0.289,33,0.168,15,0.076,21,0.107,46,0.234,16,0.081,,,,,0,0,73,0.371,27,0.137,56,0.284,4,0.02,21,0.107,1,0.005,0,0,13,0.066,0,0,2,0.01,22.82,13.61,19.15,41,31.22,16.25,36.33,0,4.37,0,64.64
June 2021,193,0.036,96,0.497,97,0.503,0,0,135,0.699,43,0.223,0,0,0,0,0,0,15,0.078,0,0,12,0.062,10,0.052,56,0.29,34,0.176,16,0.083,16,0.083,46,0.238,15,0.078,,,,,0,0,72,0.373,26,0.135,58,0.301,4,0.021,21,0.109,1,0.005,0,0,9,0.047,0,0,2,0.01,22.82,13.59,16.65,40.56,18.24,16.37,37.32,0,6.1,0,65.28
July 2021,195,0.037,96,0.492,99,0.508,0,0,135,0.692,44,0.226,0,0,0,0,0,0,14,0.072,0,0,13,0.067,9,0.046,53,0.272,36,0.185,15,0.077,22,0.113,44,0.226,16,0.082,,,,,0,0,66,0.338,25,0.128,60,0.308,4,0.021,21,0.108,1,0.005,0,0,15,0.077,0,0,3,0.015,22.65,13.69,18.58,39.82,19.26,17.39,38.33,0,3.06,0,44.37
August 2021,190,0.035,97,0.511,93,0.489,0,0,132,0.695,42,0.221,0,0,0,0,0,0,14,0.074,0,0,12,0.063,8,0.042,51,0.268,34,0.179,14,0.074,23,0.121,43,0.226,17,0.089,,,,,0,0,56,0.295,34,0.179,57,0.3,4,0.021,21,0.111,0,0,0,0,14,0.074,0,0,4,0.021,21.85,12.44,19.28,38.04,20.28,17.86,0,0,2.55,0,65.98
September 2021,177,0.033,92,0.52,85,0.48,0,0,121,0.684,39,0.22,0,0,0,0,0,0,15,0.085,0,0,12,0.068,6,0.034,47,0.266,33,0.186,13,0.073,23,0.13,38,0.215,17,0.096,,,,,0,0,55,0.311,30,0.169,51,0.288,4,0.023,21,0.119,0,0,0,0,14,0.079,0,0,2,0.011,22.76,13.36,19.8,40.08,21.26,18.85,0,0,2.79,0,132.79
October 2021,174,0.034,90,0.517,84,0.483,0,0,121,0.695,38,0.218,0,0,0,0,0,0,13,0.075,0,0,13,0.075,7,0.04,42,0.241,38,0.218,13,0.075,25,0.144,34,0.195,15,0.086,,,,,0,0,61,0.351,22,0.126,51,0.293,4,0.023,19,0.109,0,0,0,0,16,0.092,0,0,1,0.006,22.1,13.42,20.39,39.21,22.28,17.39,0,0,1.56,0,133.81
November 2021,170,0.034,90,0.529,80,0.471,0,0,119,0.7,36,0.212,0,0,0,0,0,0,13,0.076,0,0,13,0.076,10,0.059,41,0.241,34,0.2,13,0.076,24,0.141,33,0.194,15,0.088,,,,,0,0,58,0.341,23,0.135,49,0.288,4,0.024,18,0.106,0,0,0,0,17,0.1,0,0,1,0.006,22.21,13.48,19.56,39.67,23.27,18.93,0,0,1.84,0,134.79
December 2021,160,0.032,84,0.525,76,0.475,0,0,111,0.694,34,0.213,0,0,0,0,0,0,13,0.081,0,0,13,0.081,11,0.069,36,0.225,32,0.2,12,0.075,25,0.156,30,0.188,14,0.088,,,,,0,0,52,0.325,25,0.156,46,0.288,4,0.025,15,0.094,0,0,0,0,17,0.106,0,0,1,0.006,22.23,12.92,19.44,37.72,24.29,21.06,0,0,6.81,0,135.81
January 2022,160,0.033,87,0.544,73,0.456,0,0,107,0.669,38,0.238,0,0,0,0,0,0,13,0.081,0,0,13,0.081,12,0.075,37,0.231,34,0.213,13,0.081,24,0.15,27,0.169,13,0.081,,,,,0,0,54,0.338,26,0.163,40,0.25,4,0.025,14,0.088,0,0,0,0,21,0.131,0,0,1,0.006,21.87,12.74,19.72,37.89,25.31,17.89,0,0,14.04,0,136.83
February 2022,156,0.032,89,0.571,67,0.429,0,0,105,0.673,36,0.231,0,0,0,0,0,0,13,0.083,0,0,11,0.071,12,0.077,33,0.212,34,0.218,11,0.071,25,0.16,28,0.179,13,0.083,,,,,0,0,48,0.308,30,0.192,40,0.256,4,0.026,14,0.09,0,0,0,0,19,0.122,0,0,1,0.006,21.64,9.83,19.12,40.23,26.23,18.81,0,0,11.35,0,137.75
March 2022,160,0.032,92,0.575,68,0.425,0,0,107,0.669,35,0.219,0,0,0,0,0,0,13,0.081,0,0,11,0.069,9,0.056,38,0.238,35,0.219,11,0.069,26,0.163,29,0.181,12,0.075,,,,,0,0,55,0.344,27,0.169,44,0.275,4,0.025,13,0.081,0,0,0,0,16,0.1,0,0,1,0.006,20.6,9.67,19.01,38.98,27.25,19.89,0,0,1.89,0,138.77
April 2022,156,0.031,90,0.577,66,0.423,0,0,106,0.679,32,0.205,0,0,0,0,0,0,12,0.077,0,0,10,0.064,9,0.058,37,0.237,31,0.199,13,0.083,27,0.173,27,0.173,12,0.077,,,,,0,0,52,0.333,24,0.154,45,0.288,4,0.026,11,0.071,0,0,0,0,19,0.122,0,0,1,0.006,21.1,10.53,19.27,39.05,28.23,21.27,0,0,1.95,0,139.76
May 2022,162,0.032,97,0.599,65,0.401,0,0,113,0.698,30,0.185,0,0,0,0,0,0,11,0.068,0,0,11,0.068,8,0.049,39,0.241,31,0.191,17,0.105,28,0.173,26,0.16,13,0.08,,,,,0,0,54,0.333,23,0.142,44,0.272,4,0.025,11,0.068,0,0,0,0,25,0.154,0,0,1,0.006,21,11.29,19.93,39.58,29.25,22.16,0,0,3.62,0,140.78
June 2022,169,0.033,102,0.604,67,0.396,0,0,118,0.698,31,0.183,0,0,1,0.006,0,0,11,0.065,0,0,11,0.065,8,0.047,43,0.254,32,0.189,17,0.101,28,0.166,28,0.166,13,0.077,,,,,0,0,62,0.367,24,0.142,43,0.254,5,0.03,12,0.071,0,0,0,0,18,0.107,0,0,5,0.03,20.9,10.54,17.53,39.92,27.6,23.8,0,0,9.73,0,28.46
July 2022,170,0.034,102,0.6,68,0.4,0,0,117,0.688,32,0.188,0,0,1,0.006,0,0,11,0.065,0,0,9,0.053,7,0.041,43,0.253,33,0.194,16,0.094,27,0.159,33,0.194,11,0.065,,,,,0,0,63,0.371,26,0.153,43,0.253,5,0.029,11,0.065,0,0,0,0,21,0.124,0,0,1,0.006,21.15,11.42,16.04,39.21,28.62,20.63,0,0,12.38,0,142.78
August 2022,162,0.032,93,0.574,69,0.426,0,0,112,0.691,29,0.179,0,0,1,0.006,0,0,11,0.068,0,0,9,0.056,6,0.037,40,0.247,32,0.198,18,0.111,26,0.16,24,0.148,16,0.099,,,,,0,0,62,0.383,24,0.148,37,0.228,6,0.037,11,0.068,0,0,0,0,21,0.13,0,0,1,0.006,20.56,10.56,15.56,38.48,48.66,21.6,0,0,9.75,0,143.8
September 2022,176,0.0347,102,0.5795,74,0.4205,0,0,117,0.6648,38,0.2159,0,0,1,0.0057,0,0,11,0.0625,0,0,14,0.0795,6,0.0341,49,0.2784,33,0.1875,21,0.1193,28,0.1591,,,,,23,0.13,16,0.09,0,0,67,0.3807,25,0.142,42,0.2386,6,0.0341,10,0.0568,1,0.0057,0,0,21,0.1193,0,0,4,0.0227,19.2465,10.3051,16.9039,38.2098,37.8904,21.2745,1.4466,0,3.8575,0,48.6795
October 2022,185,0.0361,102,0.5514,83,0.4486,0,0,127,0.6865,38,0.2054,0,0,1,0.0054,0,0,13,0.0703,0,0,14,0.0757,6,0.0324,52,0.2811,34,0.1838,23,0.1243,30,0.1622,,,,,21,0.11,19,0.10,0,0,72,0.3892,21,0.1135,43,0.2324,5,0.027,11,0.0595,1,0.0054,0,0,24,0.1297,0,0,8,0.0432,17.089,9.9954,16.8767,39.2754,17.2668,20.4164,2.4986,0,3.3685,0,0.5448
November 2022,189,0.0369,104,0.5503,85,0.4497,0,0,127,0.672,41,0.2169,0,0,1,0.0053,0,0,13,0.0688,0,0,16,0.0847,6,0.0317,56,0.2963,34,0.1799,25,0.1323,28,0.1481,,,,,23,0.12,17,0.09,0,0,85,0.4497,20,0.1058,44,0.2328,5,0.0265,9,0.0476,0,0,0,0,17,0.0899,0,0,9,0.0476,17.6762,10.3252,16.994,40.0237,18.2532,24.4603,0,0,2.4367,0,0.9945
December 2022,196,0.0387,107,0.5459,89,0.4541,0,0,135,0.6888,38,0.1939,0,0,1,0.0051,0,0,15,0.0765,0,0,15,0.0765,10,0.051,56,0.2857,34,0.1735,26,0.1327,28,0.1429,,,,,26,0.13,16,0.08,0,0,85,0.4337,23,0.1173,41,0.2092,5,0.0255,8,0.0408,0,0,0,0,11,0.0561,0,0,23,0.1173,17.5807,10.7565,16.8772,40.9419,19.2723,24.037,0,0,2.8364,0,7.6
January 2023,194,0.0389,109,0.5619,85,0.4381,0,0,136,0.701,37,0.1907,0,0,1,0.0052,0,0,13,0.067,0,0,14,0.0722,9,0.0464,53,0.2732,31,0.1598,30,0.1546,31,0.1598,,,,,26,0.13,14,0.07,0,0,88,0.4536,24,0.1237,40,0.2062,5,0.0258,5,0.0258,0,0,0,0,6,0.0309,0,0,26,0.134,16.7975,10.7649,16.374,41.6811,20.2915,21.1858,0,0,2.9534,0,1.1447
February 2023,196,0.0393,111,0.5663,85,0.4337,0,0,137,0.699,40,0.2041,0,0,1,0.0051,0,0,15,0.0765,0,0,13,0.0663,8,0.0408,53,0.2704,31,0.1582,31,0.1582,31,0.1582,,,,,27,0.14,15,0.08,0,0,91,0.4643,26,0.1327,42,0.2143,5,0.0255,6,0.0306,0,0,0,0,4,0.0204,0,0,22,0.1122,17.9155,11.2254,17.2906,42.0697,21.2121,18.5863,0,0,4.3562,0,1.7507
March 2023,198,0.0398,108,0.5455,89,0.4495,1,0.0051,133,0.6717,49,0.2475,0,0,1,0.0051,0,0,12,0.0606,0,0,19,0.096,10,0.0505,56,0.2828,32,0.1616,29,0.1465,30,0.1515,,,,,27,0.14,14,0.07,0,0,90,0.4545,29,0.1465,37,0.1869,5,0.0253,7,0.0354,0,0,0,0,3,0.0152,0,0,27,0.1364,17.3139,11.2906,18.0516,44.0717,22.2312,12.8595,0,0,4.5918,0,1.193
April 2023,200,0.0398,111,0.555,88,0.44,1,0.005,136,0.68,52,0.26,0,0,1,0.005,0,0,8,0.04,0,0,18,0.09,8,0.04,59,0.295,30,0.15,29,0.145,33,0.165,,,,,27,0.14,14,0.07,0,0,98,0.49,31,0.155,33,0.165,4,0.02,8,0.04,0,0,0,0,2,0.01,0,0,24,0.12,16.2066,11.0868,18.0748,41.599,19.9068,12.3616,0,0,5.211,0,0.7233
May 2023,196,0.0387,108,0.551,88,0.449,0,0,135,0.6888,47,0.2398,0,0,1,0.0051,0,0,10,0.051,0,0,19,0.0969,8,0.0408,58,0.2959,27,0.1378,30,0.1531,31,0.1582,,,,,27,0.14,15,0.08,0,0,103,0.5255,34,0.1735,28,0.1429,4,0.0204,8,0.0408,0,0,0,0,2,0.0102,0,0,17,0.0867,16.4068,11.3508,18.1354,42.8818,20.926,13.2822,0,0,2.5315,0,0.9797
June 2023,192,0.0378,104,0.5417,88,0.4583,0,0,129,0.6719,50,0.2604,0,0,1,0.0052,0,0,9,0.0469,0,0,20,0.1042,8,0.0417,56,0.2917,25,0.1302,24,0.125,36,0.1875,,,,,29,0.15,14,0.07,0,0,110,0.5729,34,0.1771,25,0.1302,4,0.0208,10,0.0521,0,0,0,0,3,0.0156,0,0,6,0.0313,16.2693,10.7716,19.1101,42.5504,21.9123,12.5227,0,0,1.0192,0,2.0384
July 2023,200,0.0394,108,0.54,92,0.46,0,0,136,0.68,50,0.25,0,0,1,0.005,0,0,9,0.045,0,0,21,0.105,9,0.045,57,0.285,28,0.14,25,0.125,40,0.2,,,,,28,0.14,13,0.06,0,0,103,0.515,33,0.165,34,0.17,4,0.02,9,0.045,0,0,0,0,12,0.06,0,0,5,0.025,16.1942,11.668,18.5345,35.7824,22.9315,10.9662,0,0,0.8274,0,1.7205
August 2023,199,0.0397,108,0.5427,91,0.4573,0,0,134,0.6734,49,0.2462,0,0,1,0.005,0,0,11,0.0553,0,0,22,0.1106,10,0.0503,52,0.2613,31,0.1558,27,0.1357,38,0.191,,,,,26,0.13,15,0.08,0,0,98,0.4925,36,0.1809,35,0.1759,4,0.0201,9,0.0452,0,0,0,0,12,0.0603,0,0,5,0.0251,16.406,12.0164,15.6274,36.5298,23.9507,11.5763,0,0,2.9041,0,1.5452
September 2023,202,0.0403,111,0.5495,91,0.4505,0,0,139,0.6881,50,0.2475,0,0,1,0.005,0,0,8,0.0396,0,0,22,0.1089,10,0.0495,53,0.2624,29,0.1436,26,0.1287,39,0.1931,,,,,29,0.14,16,0.08,0,0,91,0.4505,39,0.1931,39,0.1931,4,0.0198,9,0.0446,0,0,0,0,14,0.0693,0,0,6,0.0297,17.0142,11.7966,17.3496,36.2082,24.937,12.5626,0,0,3.2078,0,1.703
December 2023,196,0.038,105,0.536,91,0.464,0,0,130,0.663,51,0.26,0,0,0,0,0,0,10,0.051,0,0,26,0.1327,9,0.046,49,0.25,27,0.138,25,0.128,40,0.204,,,,,30,0.15,16,0.08,0,0,78,0.398,44,0.224,40,0.204,3,0.015,10,0.051,1,0.005,0,0,9,0.046,0,0,11,0.056,18.14,12.53,17.46,37.06,26.82,12.36,13.61,0,8.67,0,1.55
January 2024,199,0.039,105,0.528,94,0.472,0,0,130,0.653,55,0.276,0,0,0,0,0,0,10,0.05,0,0,30,0.1508,8,0.04,50,0.251,29,0.146,24,0.121,38,0.191,,,,,32,0.16,18,0.09,0,0,84,0.422,41,0.206,37,0.186,4,0.02,11,0.055,1,0.005,0,0,11,0.055,0,0,10,0.05,19.4,12.23,17.04,43.64,33.84,12.39,14.63,0,9.49,0,13.73
February 2024,201,0.039,106,0.527,94,0.468,1,0.005,135,0.672,49,0.244,0,0,0,0,0,0,13,0.065,0,0,26,0.1294,8,0.04,46,0.229,32,0.159,26,0.129,38,0.189,,,,,30,0.15,21,0.10,0,0,71,0.353,52,0.259,37,0.184,7,0.035,12,0.06,1,0.005,0,0,8,0.04,0,0,13,0.065,19.24,12.7,15.14,43.98,26.77,12.43,15.58,0,8.07,0,10.11
March 2024,208,0.0403,112,0.5385,95,0.4567,1,0.0048,133,0.6394,55,0.2644,0,0,0,0,0,0,16,0.0769,0,0,27,0.1298,11,0.0529,46,0.2212,34,0.1635,28,0.1346,38,0.1827,,,,,31,0.15,20,0.10,0,0,71,0.3413,52,0.25,38,0.1827,7,0.0337,11,0.0529,1,0.0048,0,0,7,0.0337,0,0,21,0.101,19.2596,13.5452,15.3933,44.0929,27.7855,13.5601,16.6027,0,9.8442,0,9.4074
April 2024,222,0.0424,120,0.5405,102,0.4595,0,0,143,0.6441,59,0.2658,0,0,0,0,0,0,16,0.0721,0,0,27,0.1216,10,0.045,55,0.2477,38,0.1712,28,0.1261,36,0.1622,,,,,35,0.16,20,0.09,0,0,81,0.3649,56,0.2523,36,0.1622,7,0.0315,10,0.045,1,0.0045,0,0,9,0.0405,0,0,22,0.0991,18.785,13.1901,15.3616,46.5626,28.7718,12.3814,17.589,0,8.0402,0,7.7191
May 2024,215,0.0408,113,0.5256,102,0.4744,0,0,145,0.6744,53,0.2465,0,0,0,0,0,0,13,0.0605,0,0,27,0.1256,8,0.0372,59,0.2744,36,0.1674,24,0.1116,37,0.1721,,,,,35,0.16,16,0.07,0,0,83,0.386,51,0.2372,36,0.1674,6,0.0279,9,0.0419,1,0.0047,0,0,10,0.0465,0,0,19,0.0884,19.037,12.1176,14.5283,47.5817,28.7507,13.8521,18.6082,0,16.7211,0,10.1824
June 2024,213,0.0403,108,0.507,105,0.493,0,0,143,0.6714,52,0.2441,0,0,0,0,0,0,14,0.0657,0,0,26,0.1221,10,0.0469,54,0.2535,35,0.1643,26,0.1221,36,0.169,,,,,35,0.16,17,0.08,0,0,81,0.3803,52,0.2441,35,0.1643,6,0.0282,9,0.0423,1,0.0047,0,0,13,0.061,0,0,16,0.0751,18.362,11.349,14.3387,46.5205,22.9589,14.8384,19.5945,0,14.6984,0,13.2457
July 2024,208,0.0396,109,0.524,99,0.476,0,0,135,0.649,54,0.2596,0,0,0,0,0,0,15,0.0721,0,0,29,0.1394,9,0.0433,55,0.2644,36,0.1731,24,0.1154,33,0.1587,,,,,32,0.15,19,0.09,0,0,77,0.3702,60,0.2885,34,0.1635,5,0.024,9,0.0433,1,0.0048,0,0,10,0.0481,0,0,12,0.0577,18.0762,11.3271,12.5496,45.7982,21.2712,15.8575,20.6137,0,17.7468,0,14.7288
August 2024,211,0.0401,109,0.5166,102,0.4834,0,0,138,0.654,55,0.2607,0,0,0,0,0,0,15,0.0711,0,0,27,0.128,10,0.0474,54,0.2559,36,0.1706,26,0.1232,33,0.1564,,,,,34,0.16,18,0.09,0,0,90,0.4265,53,0.2512,36,0.1706,5,0.0237,9,0.0427,0,0,0,0,4,0.019,0,0,14,0.0664,17.735,10.8544,13.2456,44.5132,22.2904,16.8767,0,0,16.3562,0,16.6779
September 2024,223,0.0416,115,0.5157,108,0.4843,0,0,149,0.6682,57,0.2556,0,0,0,0,0,0,14,0.0628,0,0,28,0.1256,10,0.0448,54,0.2422,40,0.1794,28,0.1256,37,0.1659,,,,,36,0.16,18,0.08,0,0,93,0.417,54,0.2422,36,0.1614,5,0.0224,10,0.0448,0,0,0,0,3,0.0135,0,0,22,0.0987,17.6343,11.1615,14.1053,45.4995,23.2767,16.5962,0,0,21.7534,0,12.99
October 2024,231,0.0427,120,0.5195,111,0.4805,0,0,161,0.697,52,0.2251,0,0,0,0,0,0,14,0.0606,0,0,27,0.1169,11,0.0476,54,0.2338,43,0.1861,29,0.1255,37,0.1602,,,,,39,0.17,18,0.08,0,0,94,0.4069,52,0.2251,35,0.1515,5,0.0216,10,0.0433,0,0,0,0,5,0.0216,0,0,30,0.1299,17.6621,12.2952,14.6769,46.3947,24.2959,17.6153,0,0,14.1699,0,9.6658
November 2024,236,0.0436,124,0.5254,112,0.4746,0,0,164,0.6949,52,0.2203,0,0,0,0,0,0,16,0.0678,0,0,27,0.1144,12,0.0508,57,0.2415,40,0.1695,33,0.1398,37,0.1568,,,,,37,0.16,20,0.08,0,0,99,0.4195,54,0.2288,35,0.1483,5,0.0212,10,0.0424,0,0,0,0,6,0.0254,0,0,27,0.1144,17.9376,12.9548,15.0003,46.5675,32.5019,15.4652,0,0,1.9123,0,14.5023
December 2024,249,0.046,136,0.5462,113,0.4538,0,0,174,0.6988,54,0.2169,0,0,0,0,0,0,17,0.0683,4,0.0161,28,0.1124,14,0.0562,60,0.241,44,0.1767,36,0.1446,41,0.1647,,,,,34,0.14,20,0.08,0,0,104,0.4177,57,0.2289,32,0.1285,5,0.0201,10,0.0402,0,0,0,0,7,0.0281,0,0,34,0.1365,17.4416,13.2307,15.0489,49.0675,33.5211,16.4844,0,0,3.1045,0,7.6274
January 2025,247,0.0454,132,0.5344,115,0.4656,0,0,173,0.7004,53,0.2146,0,0,0,0,0,0,16,0.0648,5,0.0202,27,0.1093,19,0.0769,59,0.2389,41,0.166,32,0.1296,40,0.1619,,,,,36,0.15,20,0.08,0,0,110,0.4453,57,0.2308,37,0.1498,5,0.0202,9,0.0364,0,0,0,0,3,0.0121,0,0,26,0.1053,18.4142,13.4818,15.1648,45.5183,34.5403,17.6438,0,0,3.1123,0,11.6563
February 2025,256,0.0467,132,0.5156,124,0.4844,0,0,178,0.6953,56,0.2188,0,0,0,0,2,0.0078,14,0.0547,6,0.0234,30,0.1172,21,0.082,59,0.2305,41,0.1602,33,0.1289,41,0.1602,,,,,39,0.15,22,0.09,0,0,100,0.3906,63,0.2461,40,0.1563,5,0.0195,12,0.0469,0,0,0,0,6,0.0234,0,0,30,0.1172,18.2629,13.5051,15.1901,43.9792,35.4608,14.7945,0,0,11.3041,0,8.4247
March 2025,262,0.0473,134,0.5115,128,0.4885,0,0,180,0.687,60,0.229,0,0,0,0,2,0.0076,14,0.0534,6,0.0229,30,0.1145,19,0.0725,67,0.2557,45,0.1718,34,0.1298,41,0.1565,,,,,35,0.13,21,0.08,0,0,109,0.416,57,0.2176,38,0.145,5,0.0191,12,0.0458,0,0,0,0,9,0.0344,0,0,32,0.1221,17.9856,13.5181,16.8946,43.1939,36.48,15.1233,0,0,8.4018,0,12.811
April 2025,271,0.0483,140,0.5166,131,0.4834,0,0,183,0.6753,63,0.2325,0,0,0,0,2,0.0074,17,0.0627,6,0.0221,37,0.1365,20,0.0738,68,0.2509,48,0.1771,35,0.1292,45,0.1661,,,,,32,0.12,23,0.08,0,0,121,0.4465,55,0.203,41,0.1513,5,0.0185,12,0.0443,0,0,0,0,8,0.0295,0,0,29,0.107,18.0997,12.9135,17.4205,42.5304,37.4663,16.1096,0,0,9.4192,0,15.4155
